{"initial_reset_timestamp": 4251196.886933622, "timestamps": [4251246.777970994], "episode_lengths": [494], "episode_rewards": [209.0235366713298], "episode_types": ["t"]}